No,Title,YouTube URL,Language,Category,Duration
1,"Khujli",https://youtube.com/watch?v=KmRzflPuCjE,Hindi,Comedy,660
2,"Devi",https://youtube.com/watch?v=2KP0aDTVtFI,Hindi,Drama,780
3,"Emotion",https://youtube.com/watch?v=sNHgoGlO_FI,Telugu,Romance,900
4,"Masala",https://youtube.com/watch?v=0B5gDOv0TVI,Marathi,Drama,912
5,"Paath",https://youtube.com/watch?v=Rv7j9s1iODI,Hindi,Short Film,1022
6,"Us Raat Ke Baad",https://youtube.com/watch?v=AQR6cB1DXzY,Hindi,Drama,1320
7,"Plus Minus",https://youtube.com/watch?v=jKyXUJceZ6k,Hindi,Drama,900
8,"Chutney",https://youtube.com/watch?v=0krwKbsQscw,Hindi,Drama,960
9,"School Bag",https://youtube.com/watch?v=2oZOOKFTKpE,Hindi,Short Film,960
10,"Cafe Night",https://youtube.com/watch?v=23KufSqo6cQ,Hindi,Romance,720
11,"Do Biwi",https://youtube.com/watch?v=Ftsg35OvNuM,Hindi,Comedy,0
12,"North vs South",https://youtube.com/watch?v=nf5bv2T7txU,Hindi,Comedy,0
13,"Love Guru",https://youtube.com/watch?v=pCbuY1jnKbk,Hindi,Comedy,0
14,"Ghat Ka Paani",https://youtube.com/watch?v=-Jts8lNYLJo,Hindi,Drama,0
15,"Hurry Burry",https://youtube.com/watch?v=FqS4gZyPCno,Hindi,Comedy,0
16,"Shikaaru",https://youtube.com/watch?v=Y_dojhLngzE,Hindi,Short Film,0
17,"Bumblinga",https://youtube.com/watch?v=oHe_6-Q2MW4,Hindi,Comedy,0
18,"Samarthya",https://youtube.com/watch?v=0_SUmy2Hf7c,Hindi,Drama,0
19,"Connection",https://youtube.com/watch?v=71yLwwOS80M,Hindi,Romance,0
20,"Hot Saali",https://youtube.com/watch?v=fpkDoYHXqxw,Hindi,Comedy,0
21,"Gaon Ki Biwi",https://youtube.com/watch?v=eZkwCc4KpGc,Hindi,Drama,0
22,"Jeth Ji",https://youtube.com/watch?v=EgMfNfAR1-4,Hindi,Drama,0
23,"Bedroom Raaz",https://youtube.com/watch?v=64prsBZuQxo,Hindi,Drama,0
24,"Khet Mein Maje",https://youtube.com/watch?v=xD9EOwMv8No,Hindi,Action,0
25,"Mobile Bhaiya",https://youtube.com/watch?v=VwoPE78o3y8,Hindi,Comedy,0
26,"LSD",https://youtube.com/watch?v=v-sD6hE-AKc,Hindi,Drama,0
27,"Shikari",https://youtube.com/watch?v=A7Qj08sP1HQ,Hindi,Action,0
28,"Sasur Bahu",https://youtube.com/watch?v=WXwPlj2hbnA,Hindi,Drama,0
29,"False Affair",https://youtube.com/watch?v=2pHWFUhtdbU,Hindi,Drama,0
30,"Sasur Ki Hawas",https://youtube.com/watch?v=cvJyfV2X7dE,Hindi,Action,0
31,"Doctor Ki Hawas",https://youtube.com/watch?v=38DybBBexGw,Hindi,Action,0
32,"Love Delivery",https://youtube.com/watch?v=sOKH_Z6tNrw,Hindi,Romance,0
33,"Badi Bhabhi",https://youtube.com/watch?v=oKd07_QK3YY,Hindi,Comedy,0
34,"Desires",https://youtube.com/watch?v=qF_QU97Wz4M,Hindi,Drama,0
35,"Harichum",https://youtube.com/watch?v=r-a_Z-Ua6ZQ,Hindi,Short Film,0
36,"Uppum Mulakum",https://youtube.com/watch?v=XRcAqUJ9az8,Hindi,Comedy,0
37,"AI Marumakal",https://youtube.com/watch?v=K5znpaT_SKg,Hindi,Short Film,0
38,"Thatteem",https://youtube.com/watch?v=aNCWZ2x32cM,Hindi,Short Film,0
39,"Hridayam",https://youtube.com/watch?v=Z8Mqvnx6XhU,Hindi,Romance,0
40,"Kadhal",https://youtube.com/watch?v=W4jdt5QVmFQ,Hindi,Romance,0
41,"Mangalyam",https://youtube.com/watch?v=F4Mkn4CfKbE,Hindi,Romance,0
42,"Sweet & Salt",https://youtube.com/watch?v=JSrqUZtWLa8,Hindi,Romance,0
43,"Hey Leela",https://youtube.com/watch?v=Ds1X74cvKtI,Hindi,Romance,0
44,"Swapnangal",https://youtube.com/watch?v=QV9YyYOhzxs,Hindi,Romance,0
45,"Dohra",https://youtube.com/watch?v=X1fMLrlpK7c,Hindi,Drama,0
46,"Archana LLB",https://youtube.com/watch?v=9ZuDWBrf9EI,Hindi,Drama,0
47,"Mahalakshmi",https://youtube.com/watch?v=JLDkVMjqz8M,Hindi,Drama,0
48,"Peythozhiyathe",https://youtube.com/watch?v=PcZDKdeYy_I,Hindi,Drama,0
