No,Title,YouTube URL,Video ID,Language,Category,Notes
1,"Whatsapp Kadhal",https://youtube.com/watch?v=euvW1d8r2F4,euvW1d8r2F4,Tamil,Comedy,"3M+ views, Pradeep Ranganathan"
2,"Vennira Iravu",https://youtube.com/watch?v=lOE77BWZo6w,lOE77BWZo6w,Tamil,Romance,"100K+ views, inspired by Dostoevsky"
3,"Thoovana Thumbigal",https://youtube.com/watch?v=razmAUWnBVs,razmAUWnBVs,Tamil,Drama,"Lockdown friendship story"
4,"Idaivelai",https://youtube.com/watch?v=q01GGaQMv1U,q01GGaQMv1U,Tamil,Romance,"Newly married couple comedy"
5,"Madhuram",https://youtube.com/watch?v=4p9dFL_Xcrg,4p9dFL_Xcrg,Telugu,Romance,"7.3M views! Chandini Chowdary"
6,"The Viva",https://youtube.com/watch?v=Ojy_UgBZbxo,Ojy_UgBZbxo,Telugu,Comedy,"10M+ views! College comedy viral hit"
7,"Manasanamaha",https://youtube.com/watch?v=B_IZhMdAKnU,B_IZhMdAKnU,Telugu,Romance,"Guinness Record, 513+ awards, Oscar-qualified"
8,"15 Days of Love",https://youtube.com/watch?v=BbZvN1P_vf8,BbZvN1P_vf8,Telugu,Romance,"100K+ views"
9,"Naaku Kopam Vachindi",https://youtube.com/watch?v=f3bRpeCXgas,f3bRpeCXgas,Telugu,Comedy,"100K+ views, car tire comedy"
10,"Ahalya",https://youtube.com/watch?v=Ff82XtV78xo,Ff82XtV78xo,Bengali,Crime,"29M views! Sujoy Ghosh, Radhika Apte"
11,"Anukul",https://youtube.com/watch?v=mGiN_N--xa8,mGiN_N--xa8,Bengali,Drama,"Sujoy Ghosh, Satyajit Ray story, sci-fi"
12,"Moshari",https://youtube.com/watch?v=Td7f-d9kAMg,Td7f-d9kAMg,Bengali,Crime,"Award-winning horror"
13,"Paayesh",https://youtube.com/watch?v=8Z_MSJGRrZY,8Z_MSJGRrZY,Bengali,Drama,"Emotional mother story"
14,"Jayanagara 4th Block",https://youtube.com/watch?v=CmK91AxPA1A,CmK91AxPA1A,Kannada,Drama,"2.5M views, Dhananjaya"
15,"Chowkabara",https://youtube.com/watch?v=rPzUE1OzRuo,rPzUE1OzRuo,Kannada,Drama,"SIIMA Best Short Film award"
16,"Foreign Returned",https://youtube.com/watch?v=HQawB0T_wKA,HQawB0T_wKA,Kannada,Comedy,"Going-abroad syndrome comedy"
17,"Patinga",https://youtube.com/watch?v=-xgl0fh59BQ,-xgl0fh59BQ,Kannada,Drama,"Award-winning, remastered"
18,"Thorth",https://youtube.com/watch?v=MW8V6ZQ54fY,MW8V6ZQ54fY,Malayalam,Drama,"500K+ views, towel journey"
19,"Arrangement Kalyanam",https://youtube.com/watch?v=jfztJQKy_Zw,jfztJQKy_Zw,Malayalam,Comedy,"Karikku, IMDb 8.6"
20,"Priyamvadha Katharayano",https://youtube.com/watch?v=w34N6BjqpYE,w34N6BjqpYE,Malayalam,Comedy,"Basil Joseph (Minnal Murali director)"
21,"Ulkka",https://youtube.com/watch?v=fSV3AYHTecw,fSV3AYHTecw,Malayalam,Comedy,"Karikku viral hit, IMDb 8.4"
22,"Halwa",https://youtube.com/watch?v=Jl0knkF9U48,Jl0knkF9U48,Malayalam,Comedy,"Aju Varghese, Mamukoya"
23,"Sharikal Maathram",https://youtube.com/watch?v=aDTzXSUZifA,aDTzXSUZifA,Malayalam,Drama,"29M views!"
24,"Ranthal",https://youtube.com/watch?v=HjsUegRMKbY,HjsUegRMKbY,Malayalam,Drama,"Trended #4 on YouTube"
25,"Deshkari",https://youtube.com/watch?v=iSC-66j68no,iSC-66j68no,Marathi,Drama,"Most awarded Marathi short 2023-24"
26,"Godva",https://youtube.com/watch?v=RHUDejkrArY,RHUDejkrArY,Marathi,Romance,"Arranged marriage drama"
27,"Pistulya",https://youtube.com/watch?v=zzqanj-svgo,zzqanj-svgo,Marathi,Drama,"Nagraj Manjule"
28,"Chindhya",https://youtube.com/watch?v=_IgG8WDKW1A,_IgG8WDKW1A,Marathi,Drama,"Award-winning"
29,"Manhole",https://youtube.com/watch?v=SZXcY8YZkgs,SZXcY8YZkgs,Marathi,Drama,"Sewage worker story"
30,"SINGH",https://youtube.com/watch?v=xNBY8HCK39o,xNBY8HCK39o,Punjabi,Drama,"Sikh identity short film"
31,"Pehchaan",https://youtube.com/watch?v=WlrbqKN9Ug8,WlrbqKN9Ug8,Punjabi,Drama,"Drug addiction awareness"
32,"Pahli Baar",https://youtube.com/watch?v=vd0L3p2duaY,vd0L3p2duaY,Bhojpuri,Romance,"Romantic short film"
33,"Bidesia in Bambai",https://youtube.com/watch?v=linAeY5jAPQ,linAeY5jAPQ,Bhojpuri,Drama,"Migrants in Mumbai"
34,"Paapi Kun",https://youtube.com/watch?v=8rW3XWKy8LA,8rW3XWKy8LA,Rajasthani,Drama,"LIFT-OFF Global 2022 selection"
35,"Bantwaro",https://youtube.com/watch?v=zVUXnau5VW8,zVUXnau5VW8,Rajasthani,Comedy,"Comedy short"
36,"Raanda Ramphal",https://youtube.com/watch?v=7tDbny1V1dw,7tDbny1V1dw,Haryanvi,Comedy,"30 min comedy drama"
37,"Dhakkad Chhoriyaan",https://youtube.com/watch?v=xUKOXOh1eoQ,xUKOXOh1eoQ,Haryanvi,Drama,"Women empowerment"
